asin	fnsku	product_name	fulfillment_center	country_code	longest_side	median_side	shortest_side	measurement_units	weight	weight_units	item_volume	volume_units	product_size_tier	average_quantity_on_hand	average_quantity_pending_removal	estimated_total_item_volume	month_of_charge	storage_utilization_ratio	storage_utilization_ratio_units	base_rate	utilization_surcharge_rate	avg_qty_for_sus	est_vol_for_sus	est_base_msf	est_sus	currency	estimated_monthly_storage_fee	dangerous_goods_storage_type	eligible_for_inventory_discount	qualifies_for_inventory_discount	total_incentive_fee_amount	breakdown_incentive_fee_amount	average_quantity_customer_orders
B08KG6XHN1	X002TD6AS3	AnnoyingPCB - The Prank Device That Won’t Stop Beeping for 3 Years	ABE2	US	5.75	3.19	0.51	inches	0.02	pounds	0.0054	cubic feet	Standard-Size	34.35	0.0	0.1856	2025-01	5.9	weeks	0.78	0.0	34.29	0.1856	0.14	0.0	USD	0.14	--	N	N	0.0	--	0.06
B08KG6XHN1	X002TD6AS3	AnnoyingPCB - The Prank Device That Won’t Stop Beeping for 3 Years	ACY1	US	5.75	3.19	0.51	inches	0.02	pounds	0.0054	cubic feet	Standard-Size	10.68	0.0	0.0561	2025-01	5.9	weeks	0.78	0.0	10.35	0.0561	0.04	0.0	USD	0.04	--	N	N	0.0	--	0.32
B08KG6XHN1	X002TD6AS3	AnnoyingPCB - The Prank Device That Won’t Stop Beeping for 3 Years	AFW1	US	5.75	3.19	0.51	inches	0.02	pounds	0.0054	cubic feet	Standard-Size	0.19	0.0	9.0E-4	2025-01	5.9	weeks	0.78	0.0	0.16	9.0E-4	0.0	0.0	USD	0.0	--	N	N	0.0	--	0.03
B08KG6XHN1	X002TD6AS3	AnnoyingPCB - The Prank Device That Won’t Stop Beeping for 3 Years	AGS1	US	5.75	3.19	0.51	inches	0.02	pounds	0.0054	cubic feet	Standard-Size	1.52	0.0	0.008	2025-01	5.9	weeks	0.78	0.0	1.48	0.008	0.01	0.0	USD	0.01	--	N	N	0.0	--	0.03
B08KG6XHN1	X002TD6AS3	AnnoyingPCB - The Prank Device That Won’t Stop Beeping for 3 Years	AGS2	US	5.75	3.19	0.51	inches	0.02	pounds	0.0054	cubic feet	Standard-Size	0.06	0.0	2.0E-4	2025-01	5.9	weeks	0.78	0.0	0.03	2.0E-4	0.0	0.0	USD	0.0	--	N	N	0.0	--	0.03
B08KG6XHN1	X002TD6AS3	AnnoyingPCB - The Prank Device That Won’t Stop Beeping for 3 Years	AKC1	US	5.75	3.19	0.51	inches	0.02	pounds	0.0054	cubic feet	Standard-Size	0.29	0.0	7.0E-4	2025-01	5.9	weeks	0.78	0.0	0.13	7.0E-4	0.0	0.0	USD	0.0	--	N	N	0.0	--	0.16
B08KG6XHN1	X002TD6AS3	AnnoyingPCB - The Prank Device That Won’t Stop Beeping for 3 Years	ATL2	US	5.75	3.19	0.51	inches	0.02	pounds	0.0054	cubic feet	Standard-Size	12.03	0.0	0.0611	2025-01	5.9	weeks	0.78	0.0	11.29	0.0611	0.05	0.0	USD	0.05	--	N	N	0.0	--	0.77
B08KG6XHN1	X002TD6AS3	AnnoyingPCB - The Prank Device That Won’t Stop Beeping for 3 Years	AUS2	US	5.75	3.19	0.51	inches	0.02	pounds	0.0054	cubic feet	Standard-Size	0.32	0.0	0.0012	2025-01	5.9	weeks	0.78	0.0	0.23	0.0012	0.0	0.0	USD	0.0	--	N	N	0.0	--	0.13
B08KG6XHN1	X002TD6AS3	AnnoyingPCB - The Prank Device That Won’t Stop Beeping for 3 Years	AUS3	US	5.75	3.19	0.51	inches	0.02	pounds	0.0054	cubic feet	Standard-Size	0.13	0.0	5.0E-4	2025-01	5.9	weeks	0.78	0.0	0.1	5.0E-4	0.0	0.0	USD	0.0	--	N	N	0.0	--	0.03
B08KG6XHN1	X002TD6AS3	AnnoyingPCB - The Prank Device That Won’t Stop Beeping for 3 Years	AVP1	US	5.75	3.19	0.51	inches	0.02	pounds	0.0054	cubic feet	Standard-Size	6.19	0.0	0.0335	2025-01	5.9	weeks	0.78	0.0	6.19	0.0335	0.03	0.0	USD	0.03	--	N	N	0.0	--	0.0
B08KG6XHN1	X002TD6AS3	AnnoyingPCB - The Prank Device That Won’t Stop Beeping for 3 Years	BDL2	US	5.75	3.19	0.51	inches	0.02	pounds	0.0054	cubic feet	Standard-Size	18.74	0.0	0.0985	2025-01	5.9	weeks	0.78	0.0	18.19	0.0985	0.08	0.0	USD	0.08	--	N	N	0.0	--	0.55
B08KG6XHN1	X002TD6AS3	AnnoyingPCB - The Prank Device That Won’t Stop Beeping for 3 Years	BDL3	US	5.75	3.19	0.51	inches	0.02	pounds	0.0054	cubic feet	Standard-Size	44.19	0.0	0.2363	2025-01	5.9	weeks	0.78	0.0	43.65	0.2363	0.18	0.0	USD	0.18	--	N	N	0.0	--	0.55
B08KG6XHN1	X002TD6AS3	AnnoyingPCB - The Prank Device That Won’t Stop Beeping for 3 Years	BDL4	US	5.75	3.19	0.51	inches	0.02	pounds	0.0054	cubic feet	Standard-Size	173.26	0.0	0.9357	2025-01	5.9	weeks	0.78	0.0	172.84	0.9357	0.73	0.0	USD	0.73	--	N	N	0.0	--	0.42
B08KG6XHN1	X002TD6AS3	AnnoyingPCB - The Prank Device That Won’t Stop Beeping for 3 Years	BFI4	US	5.75	3.19	0.51	inches	0.02	pounds	0.0054	cubic feet	Standard-Size	2.16	0.0	0.0052	2025-01	5.9	weeks	0.78	0.0	0.97	0.0052	0.0	0.0	USD	0.0	--	N	N	0.0	--	1.19
B08KG6XHN1	X002TD6AS3	AnnoyingPCB - The Prank Device That Won’t Stop Beeping for 3 Years	BFL1	US	5.75	3.19	0.51	inches	0.02	pounds	0.0054	cubic feet	Standard-Size	67.94	0.0	0.3636	2025-01	5.9	weeks	0.78	0.0	67.16	0.3636	0.28	0.0	USD	0.28	--	N	N	0.0	--	0.77
B08KG6XHN1	X002TD6AS3	AnnoyingPCB - The Prank Device That Won’t Stop Beeping for 3 Years	BFL2	US	5.75	3.19	0.51	inches	0.02	pounds	0.0054	cubic feet	Standard-Size	1.06	0.0	0.0049	2025-01	5.9	weeks	0.78	0.0	0.9	0.0049	0.0	0.0	USD	0.0	--	N	N	0.0	--	0.16
B08KG6XHN1	X002TD6AS3	AnnoyingPCB - The Prank Device That Won’t Stop Beeping for 3 Years	BHM1	US	5.75	3.19	0.51	inches	0.02	pounds	0.0054	cubic feet	Standard-Size	4.87	0.0	0.0257	2025-01	5.9	weeks	0.78	0.0	4.74	0.0257	0.02	0.0	USD	0.02	--	N	N	0.0	--	0.13
B08KG6XHN1	X002TD6AS3	AnnoyingPCB - The Prank Device That Won’t Stop Beeping for 3 Years	BNA3	US	5.75	3.19	0.51	inches	0.02	pounds	0.0054	cubic feet	Standard-Size	53.77	0.0	0.2904	2025-01	5.9	weeks	0.78	0.0	53.65	0.2904	0.23	0.0	USD	0.23	--	N	N	0.0	--	0.13
B08KG6XHN1	X002TD6AS3	AnnoyingPCB - The Prank Device That Won’t Stop Beeping for 3 Years	BOI2	US	5.75	3.19	0.51	inches	0.02	pounds	0.0054	cubic feet	Standard-Size	190.26	0.0	1.0235	2025-01	5.9	weeks	0.78	0.0	181.29	0.9814	0.8	0.0	USD	0.8	--	N	N	0.0	--	1.19
B08KG6XHN1	X002TD6AS3	AnnoyingPCB - The Prank Device That Won’t Stop Beeping for 3 Years	BOS3	US	5.75	3.19	0.51	inches	0.02	pounds	0.0054	cubic feet	Standard-Size	94.71	0.0	0.5103	2025-01	5.9	weeks	0.78	0.0	93.48	0.5061	0.4	0.0	USD	0.4	--	N	N	0.0	--	0.45
B08KG6XHN1	X002TD6AS3	AnnoyingPCB - The Prank Device That Won’t Stop Beeping for 3 Years	BTR1	US	5.75	3.19	0.51	inches	0.02	pounds	0.0054	cubic feet	Standard-Size	52.9	0.0	0.2829	2025-01	5.9	weeks	0.78	0.0	50.29	0.2723	0.22	0.0	USD	0.22	--	N	N	0.0	--	0.65
B08KG6XHN1	X002TD6AS3	AnnoyingPCB - The Prank Device That Won’t Stop Beeping for 3 Years	BWI2	US	5.75	3.19	0.51	inches	0.02	pounds	0.0054	cubic feet	Standard-Size	7.58	0.0	0.0344	2025-01	5.9	weeks	0.78	0.0	6.35	0.0344	0.03	0.0	USD	0.03	--	N	N	0.0	--	1.23
B08KG6XHN1	X002TD6AS3	AnnoyingPCB - The Prank Device That Won’t Stop Beeping for 3 Years	CAE1	US	5.75	3.19	0.51	inches	0.02	pounds	0.0054	cubic feet	Standard-Size	2.81	0.0	0.0133	2025-01	5.9	weeks	0.78	0.0	1.61	0.0087	0.01	0.0	USD	0.01	--	N	N	0.0	--	0.35
B08KG6XHN1	X002TD6AS3	AnnoyingPCB - The Prank Device That Won’t Stop Beeping for 3 Years	CHA1	US	5.75	3.19	0.51	inches	0.02	pounds	0.0054	cubic feet	Standard-Size	1.29	0.29	0.0054	2025-01	5.9	weeks	0.78	0.0	1.0	0.0054	0.0031	0.0	USD	0.0031	--	N	N	0.0	--	0.0
B08KG6XHN1	X002TD6AS3	AnnoyingPCB - The Prank Device That Won’t Stop Beeping for 3 Years	CHA1	US	5.75	3.19	0.51	inches	0.02	pounds	0.0054	cubic feet	Standard-Size	4.0	1.74	0.0122	2025-01	5.9	weeks	0.78	0.0	2.26	0.0122	0.0069	0.0	USD	0.0069	--	N	N	0.0	--	0.0
B08KG6XHN1	X002TD6AS3	AnnoyingPCB - The Prank Device That Won’t Stop Beeping for 3 Years	CLE2	US	5.75	3.19	0.51	inches	0.02	pounds	0.0054	cubic feet	Standard-Size	49.94	0.0	0.266	2025-01	5.9	weeks	0.78	0.0	49.06	0.2656	0.21	0.0	USD	0.21	--	N	N	0.0	--	0.81
B08KG6XHN1	X002TD6AS3	AnnoyingPCB - The Prank Device That Won’t Stop Beeping for 3 Years	CLE3	US	5.75	3.19	0.51	inches	0.02	pounds	0.0054	cubic feet	Standard-Size	1.52	0.0	0.0068	2025-01	5.9	weeks	0.78	0.0	1.19	0.0065	0.01	0.0	USD	0.01	--	N	N	0.0	--	0.32
B08KG6XHN1	X002TD6AS3	AnnoyingPCB - The Prank Device That Won’t Stop Beeping for 3 Years	CLT2	US	5.75	3.19	0.51	inches	0.02	pounds	0.0054	cubic feet	Standard-Size	25.13	0.0	0.136	2025-01	5.9	weeks	0.78	0.0	25.13	0.136	0.11	0.0	USD	0.11	--	N	N	0.0	--	0.0
B08KG6XHN1	X002TD6AS3	AnnoyingPCB - The Prank Device That Won’t Stop Beeping for 3 Years	CLT4	US	5.75	3.19	0.51	inches	0.02	pounds	0.0054	cubic feet	Standard-Size	0.26	0.0	0.001	2025-01	5.9	weeks	0.78	0.0	0.19	0.001	0.0	0.0	USD	0.0	--	N	N	0.0	--	0.06
B08KG6XHN1	X002TD6AS3	AnnoyingPCB - The Prank Device That Won’t Stop Beeping for 3 Years	CMH1	US	5.75	3.19	0.51	inches	0.02	pounds	0.0054	cubic feet	Standard-Size	1.84	0.0	0.0091	2025-01	5.9	weeks	0.78	0.0	1.58	0.0086	0.01	0.0	USD	0.01	--	N	N	0.0	--	0.16
B08KG6XHN1	X002TD6AS3	AnnoyingPCB - The Prank Device That Won’t Stop Beeping for 3 Years	CMH4	US	5.75	3.19	0.51	inches	0.02	pounds	0.0054	cubic feet	Standard-Size	4.26	0.0	0.0164	2025-01	5.9	weeks	0.78	0.0	1.84	0.01	0.01	0.0	USD	0.01	--	N	N	0.0	--	1.23
B08KG6XHN1	X002TD6AS3	AnnoyingPCB - The Prank Device That Won’t Stop Beeping for 3 Years	CSG1	US	5.75	3.19	0.51	inches	0.02	pounds	0.0054	cubic feet	Standard-Size	0.65	0.0	0.0033	2025-01	5.9	weeks	0.78	0.0	0.61	0.0033	0.0	0.0	USD	0.0	--	N	N	0.0	--	0.03
B08KG6XHN1	X002TD6AS3	AnnoyingPCB - The Prank Device That Won’t Stop Beeping for 3 Years	DAL3	US	5.75	3.19	0.51	inches	0.02	pounds	0.0054	cubic feet	Standard-Size	0.13	0.0	7.0E-4	2025-01	5.9	weeks	0.78	0.0	0.13	7.0E-4	0.0	0.0	USD	0.0	--	N	N	0.0	--	0.0
B08KG6XHN1	X002TD6AS3	AnnoyingPCB - The Prank Device That Won’t Stop Beeping for 3 Years	DCA1	US	5.75	3.19	0.51	inches	0.02	pounds	0.0054	cubic feet	Standard-Size	5.84	0.0	0.029	2025-01	5.9	weeks	0.78	0.0	5.35	0.029	0.02	0.0	USD	0.02	--	N	N	0.0	--	0.48
B08KG6XHN1	X002TD6AS3	AnnoyingPCB - The Prank Device That Won’t Stop Beeping for 3 Years	DEN3	US	5.75	3.19	0.51	inches	0.02	pounds	0.0054	cubic feet	Standard-Size	3.77	0.0	0.0187	2025-01	5.9	weeks	0.78	0.0	2.68	0.0145	0.01	0.0	USD	0.01	--	N	N	0.0	--	0.32
B08KG6XHN1	X002TD6AS3	AnnoyingPCB - The Prank Device That Won’t Stop Beeping for 3 Years	DEN4	US	5.75	3.19	0.51	inches	0.02	pounds	0.0054	cubic feet	Standard-Size	10.74	0.0	0.055	2025-01	5.9	weeks	0.78	0.0	8.48	0.0459	0.04	0.0	USD	0.04	--	N	N	0.0	--	0.58
B08KG6XHN1	X002TD6AS3	AnnoyingPCB - The Prank Device That Won’t Stop Beeping for 3 Years	DET3	US	5.75	3.19	0.51	inches	0.02	pounds	0.0054	cubic feet	Standard-Size	0.19	0.0	7.0E-4	2025-01	5.9	weeks	0.78	0.0	0.13	7.0E-4	0.0	0.0	USD	0.0	--	N	N	0.0	--	0.06
B08KG6XHN1	X002TD6AS3	AnnoyingPCB - The Prank Device That Won’t Stop Beeping for 3 Years	DET6	US	5.75	3.19	0.51	inches	0.02	pounds	0.0054	cubic feet	Standard-Size	0.61	0.0	0.0031	2025-01	5.9	weeks	0.78	0.0	0.39	0.0021	0.0	0.0	USD	0.0	--	N	N	0.0	--	0.03
B08KG6XHN1	X002TD6AS3	AnnoyingPCB - The Prank Device That Won’t Stop Beeping for 3 Years	DFW7	US	5.75	3.19	0.51	inches	0.02	pounds	0.0054	cubic feet	Standard-Size	1.39	0.0	0.0061	2025-01	5.9	weeks	0.78	0.0	1.13	0.0061	0.0	0.0	USD	0.0	--	N	N	0.0	--	0.32
B08KG6XHN1	X002TD6AS3	AnnoyingPCB - The Prank Device That Won’t Stop Beeping for 3 Years	DSM5	US	5.75	3.19	0.51	inches	0.02	pounds	0.0054	cubic feet	Standard-Size	15.26	0.0	0.0784	2025-01	5.9	weeks	0.78	0.0	12.1	0.0655	0.06	0.0	USD	0.06	--	N	N	0.0	--	0.77
B08KG6XHN1	X002TD6AS3	AnnoyingPCB - The Prank Device That Won’t Stop Beeping for 3 Years	DTW1	US	5.75	3.19	0.51	inches	0.02	pounds	0.0054	cubic feet	Standard-Size	0.23	0.0	7.0E-4	2025-01	5.9	weeks	0.78	0.0	0.13	7.0E-4	0.0	0.0	USD	0.0	--	N	N	0.0	--	0.1
B08KG6XHN1	X002TD6AS3	AnnoyingPCB - The Prank Device That Won’t Stop Beeping for 3 Years	ELP1	US	5.75	3.19	0.51	inches	0.02	pounds	0.0054	cubic feet	Standard-Size	3.74	0.0	0.0196	2025-01	5.9	weeks	0.78	0.0	2.97	0.0161	0.02	0.0	USD	0.02	--	N	N	0.0	--	0.13
B08KG6XHN1	X002TD6AS3	AnnoyingPCB - The Prank Device That Won’t Stop Beeping for 3 Years	EWR4	US	5.75	3.19	0.51	inches	0.02	pounds	0.0054	cubic feet	Standard-Size	2.32	0.0	0.0114	2025-01	5.9	weeks	0.78	0.0	1.68	0.0091	0.01	0.0	USD	0.01	--	N	N	0.0	--	0.23
B08KG6XHN1	X002TD6AS3	AnnoyingPCB - The Prank Device That Won’t Stop Beeping for 3 Years	EWR7	US	5.75	3.19	0.51	inches	0.02	pounds	0.0054	cubic feet	Standard-Size	1.29	0.26	0.0056	2025-01	5.9	weeks	0.78	0.0	1.03	0.0056	0.0	0.0	USD	0.0	--	N	N	0.0	--	0.0
B08KG6XHN1	X002TD6AS3	AnnoyingPCB - The Prank Device That Won’t Stop Beeping for 3 Years	EWR9	US	5.75	3.19	0.51	inches	0.02	pounds	0.0054	cubic feet	Standard-Size	12.61	0.0	0.0674	2025-01	5.9	weeks	0.78	0.0	10.68	0.0578	0.05	0.0	USD	0.05	--	N	N	0.0	--	0.16
B08KG6XHN1	X002TD6AS3	AnnoyingPCB - The Prank Device That Won’t Stop Beeping for 3 Years	FAR1	US	5.75	3.19	0.51	inches	0.02	pounds	0.0054	cubic feet	Standard-Size	0.94	0.19	0.004	2025-01	5.9	weeks	0.78	0.0	0.74	0.004	0.0	0.0	USD	0.0	--	N	N	0.0	--	0.0
B08KG6XHN1	X002TD6AS3	AnnoyingPCB - The Prank Device That Won’t Stop Beeping for 3 Years	FAR1	US	5.75	3.19	0.51	inches	0.02	pounds	0.0054	cubic feet	Standard-Size	0.16	0.0	9.0E-4	2025-01	5.9	weeks	0.78	0.0	0.16	9.0E-4	0.0	0.0	USD	0.0	--	N	N	0.0	--	0.0
B08KG6XHN1	X002TD6AS3	AnnoyingPCB - The Prank Device That Won’t Stop Beeping for 3 Years	FAT1	US	5.75	3.19	0.51	inches	0.02	pounds	0.0054	cubic feet	Standard-Size	2.23	0.0	0.0108	2025-01	5.9	weeks	0.78	0.0	2.0	0.0108	0.01	0.0	USD	0.01	--	N	N	0.0	--	0.23
B08KG6XHN1	X002TD6AS3	AnnoyingPCB - The Prank Device That Won’t Stop Beeping for 3 Years	FSD1	US	5.75	3.19	0.51	inches	0.02	pounds	0.0054	cubic feet	Standard-Size	20.55	0.0	0.11	2025-01	5.9	weeks	0.78	0.0	18.35	0.0994	0.09	0.0	USD	0.09	--	N	N	0.0	--	0.23
B08KG6XHN1	X002TD6AS3	AnnoyingPCB - The Prank Device That Won’t Stop Beeping for 3 Years	FTW1	US	5.75	3.19	0.51	inches	0.02	pounds	0.0054	cubic feet	Standard-Size	6.26	0.0	0.0339	2025-01	5.9	weeks	0.78	0.0	3.23	0.0175	0.03	0.0	USD	0.03	--	N	N	0.0	--	0.0
B08KG6XHN1	X002TD6AS3	AnnoyingPCB - The Prank Device That Won’t Stop Beeping for 3 Years	FTW6	US	5.75	3.19	0.51	inches	0.02	pounds	0.0054	cubic feet	Standard-Size	0.58	0.32	0.0014	2025-01	5.9	weeks	0.78	0.0	0.26	0.0014	0.0012	0.0	USD	0.0012	--	N	N	0.0	--	0.0
B08KG6XHN1	X002TD6AS3	AnnoyingPCB - The Prank Device That Won’t Stop Beeping for 3 Years	FTW6	US	5.75	3.19	0.51	inches	0.02	pounds	0.0054	cubic feet	Standard-Size	1.94	0.0	0.01	2025-01	5.9	weeks	0.78	0.0	1.77	0.0096	0.0088	0.0	USD	0.0088	--	N	N	0.0	--	0.1
B08KG6XHN1	X002TD6AS3	AnnoyingPCB - The Prank Device That Won’t Stop Beeping for 3 Years	FWA6	US	5.75	3.19	0.51	inches	0.02	pounds	0.0054	cubic feet	Standard-Size	0.1	0.0	5.0E-4	2025-01	5.9	weeks	0.78	0.0	0.1	5.0E-4	0.0	0.0	USD	0.0	--	N	N	0.0	--	0.0
B08KG6XHN1	X002TD6AS3	AnnoyingPCB - The Prank Device That Won’t Stop Beeping for 3 Years	GEG1	US	5.75	3.19	0.51	inches	0.02	pounds	0.0054	cubic feet	Standard-Size	6.55	0.0	0.033	2025-01	5.9	weeks	0.78	0.0	5.32	0.0288	0.03	0.0	USD	0.03	--	N	N	0.0	--	0.45
B08KG6XHN1	X002TD6AS3	AnnoyingPCB - The Prank Device That Won’t Stop Beeping for 3 Years	GRR1	US	5.75	3.19	0.51	inches	0.02	pounds	0.0054	cubic feet	Standard-Size	2.58	0.0	0.0138	2025-01	5.9	weeks	0.78	0.0	1.71	0.0093	0.01	0.0	USD	0.01	--	N	N	0.0	--	0.03
B08KG6XHN1	X002TD6AS3	AnnoyingPCB - The Prank Device That Won’t Stop Beeping for 3 Years	GYR1	US	5.75	3.19	0.51	inches	0.02	pounds	0.0054	cubic feet	Standard-Size	1.77	0.0	0.0084	2025-01	5.9	weeks	0.78	0.0	1.55	0.0084	0.01	0.0	USD	0.01	--	N	N	0.0	--	0.23
B08KG6XHN1	X002TD6AS3	AnnoyingPCB - The Prank Device That Won’t Stop Beeping for 3 Years	HGR5	US	5.75	3.19	0.51	inches	0.02	pounds	0.0054	cubic feet	Standard-Size	12.9	0.0	0.0699	2025-01	5.9	weeks	0.78	0.0	6.45	0.0349	0.05	0.0	USD	0.05	--	N	N	0.0	--	0.0
B08KG6XHN1	X002TD6AS3	AnnoyingPCB - The Prank Device That Won’t Stop Beeping for 3 Years	HOU2	US	5.75	3.19	0.51	inches	0.02	pounds	0.0054	cubic feet	Standard-Size	17.48	0.0	0.0905	2025-01	5.9	weeks	0.78	0.0	13.0	0.0704	0.07	0.0	USD	0.07	--	N	N	0.0	--	0.77
B08KG6XHN1	X002TD6AS3	AnnoyingPCB - The Prank Device That Won’t Stop Beeping for 3 Years	HOU3	US	5.75	3.19	0.51	inches	0.02	pounds	0.0054	cubic feet	Standard-Size	2.32	1.29	0.0056	2025-01	5.9	weeks	0.78	0.0	1.03	0.0056	0.0	0.0	USD	0.0	--	N	N	0.0	--	0.0
B08KG6XHN1	X002TD6AS3	AnnoyingPCB - The Prank Device That Won’t Stop Beeping for 3 Years	HOU6	US	5.75	3.19	0.51	inches	0.02	pounds	0.0054	cubic feet	Standard-Size	0.16	0.0	3.0E-4	2025-01	5.9	weeks	0.78	0.0	0.03	2.0E-4	0.0	0.0	USD	0.0	--	N	N	0.0	--	0.1
B08KG6XHN1	X002TD6AS3	AnnoyingPCB - The Prank Device That Won’t Stop Beeping for 3 Years	IAH1	US	5.75	3.19	0.51	inches	0.02	pounds	0.0054	cubic feet	Standard-Size	0.19	0.0	0.001	2025-01	5.9	weeks	0.78	0.0	0.19	0.001	0.0	0.0	USD	0.0	--	N	N	0.0	--	0.0
B08KG6XHN1	X002TD6AS3	AnnoyingPCB - The Prank Device That Won’t Stop Beeping for 3 Years	IAH1	US	5.75	3.19	0.51	inches	0.02	pounds	0.0054	cubic feet	Standard-Size	1.03	0.13	0.0049	2025-01	5.9	weeks	0.78	0.0	0.9	0.0049	0.0	0.0	USD	0.0	--	N	N	0.0	--	0.0
B08KG6XHN1	X002TD6AS3	AnnoyingPCB - The Prank Device That Won’t Stop Beeping for 3 Years	IGQ1	US	5.75	3.19	0.51	inches	0.02	pounds	0.0054	cubic feet	Standard-Size	1.77	0.0	0.0087	2025-01	5.9	weeks	0.78	0.0	1.16	0.0063	0.01	0.0	USD	0.01	--	N	N	0.0	--	0.16
B08KG6XHN1	X002TD6AS3	AnnoyingPCB - The Prank Device That Won’t Stop Beeping for 3 Years	IND1	US	5.75	3.19	0.51	inches	0.02	pounds	0.0054	cubic feet	Standard-Size	0.32	0.0	7.0E-4	2025-01	5.9	weeks	0.78	0.0	0.13	7.0E-4	0.0	0.0	USD	0.0	--	N	N	0.0	--	0.19
B08KG6XHN1	X002TD6AS3	AnnoyingPCB - The Prank Device That Won’t Stop Beeping for 3 Years	IND8	US	5.75	3.19	0.51	inches	0.02	pounds	0.0054	cubic feet	Standard-Size	1.23	0.58	0.0035	2025-01	5.9	weeks	0.78	0.0	0.65	0.0035	0.0054	0.0	USD	0.0054	--	N	N	0.0	--	0.0
B08KG6XHN1	X002TD6AS3	AnnoyingPCB - The Prank Device That Won’t Stop Beeping for 3 Years	IND8	US	5.75	3.19	0.51	inches	0.02	pounds	0.0054	cubic feet	Standard-Size	0.84	0.29	0.003	2025-01	5.9	weeks	0.78	0.0	0.55	0.003	0.0046	0.0	USD	0.0046	--	N	N	0.0	--	0.0
B08KG6XHN1	X002TD6AS3	AnnoyingPCB - The Prank Device That Won’t Stop Beeping for 3 Years	JAN1	US	5.75	3.19	0.51	inches	0.02	pounds	0.0054	cubic feet	Standard-Size	10.52	0.0	0.0543	2025-01	5.9	weeks	0.78	0.0	9.19	0.0498	0.04	0.0	USD	0.04	--	N	N	0.0	--	0.48
B08KG6XHN1	X002TD6AS3	AnnoyingPCB - The Prank Device That Won’t Stop Beeping for 3 Years	JAX2	US	5.75	3.19	0.51	inches	0.02	pounds	0.0054	cubic feet	Standard-Size	1.0	0.0	0.0054	2025-01	5.9	weeks	0.78	0.0	1.0	0.0054	0.0044	0.0	USD	0.0044	--	N	N	0.0	--	0.0
B08KG6XHN1	X002TD6AS3	AnnoyingPCB - The Prank Device That Won’t Stop Beeping for 3 Years	JAX2	US	5.75	3.19	0.51	inches	0.02	pounds	0.0054	cubic feet	Standard-Size	22.23	0.0	0.1175	2025-01	5.9	weeks	0.78	0.0	21.71	0.1175	0.0956	0.0	USD	0.0956	--	N	N	0.0	--	0.52
B08KG6XHN1	X002TD6AS3	AnnoyingPCB - The Prank Device That Won’t Stop Beeping for 3 Years	JAX7	US	5.75	3.19	0.51	inches	0.02	pounds	0.0054	cubic feet	Standard-Size	1.65	0.0	0.0087	2025-01	5.9	weeks	0.78	0.0	1.61	0.0087	0.01	0.0	USD	0.01	--	N	N	0.0	--	0.03
B08KG6XHN1	X002TD6AS3	AnnoyingPCB - The Prank Device That Won’t Stop Beeping for 3 Years	JFK8	US	5.75	3.19	0.51	inches	0.02	pounds	0.0054	cubic feet	Standard-Size	23.61	0.0	0.1252	2025-01	5.9	weeks	0.78	0.0	20.23	0.1095	0.1	0.0	USD	0.1	--	N	N	0.0	--	0.48
B08KG6XHN1	X002TD6AS3	AnnoyingPCB - The Prank Device That Won’t Stop Beeping for 3 Years	KRB9	US	5.75	3.19	0.51	inches	0.02	pounds	0.0054	cubic feet	Standard-Size	19.35	0.0	0.1048	2025-01	5.9	weeks	0.78	0.0	11.06	0.0599	0.08	0.0	USD	0.08	--	N	N	0.0	--	0.0
B08KG6XHN1	X002TD6AS3	AnnoyingPCB - The Prank Device That Won’t Stop Beeping for 3 Years	LAS2	US	5.75	3.19	0.51	inches	0.02	pounds	0.0054	cubic feet	Standard-Size	4.06	1.84	0.012	2025-01	5.9	weeks	0.78	0.0	2.23	0.012	0.01	0.0	USD	0.01	--	N	N	0.0	--	0.0
B08KG6XHN1	X002TD6AS3	AnnoyingPCB - The Prank Device That Won’t Stop Beeping for 3 Years	LAS7	US	5.75	3.19	0.51	inches	0.02	pounds	0.0054	cubic feet	Standard-Size	1.0	0.42	0.002	2025-01	5.9	weeks	0.78	0.0	0.38	0.002	0.0013	0.0	USD	0.0013	--	N	N	8.618667832741297E-4	COVID-19:9.0E-4	0.0
B08KG6XHN1	X002TD6AS3	AnnoyingPCB - The Prank Device That Won’t Stop Beeping for 3 Years	LAS7	US	5.75	3.19	0.51	inches	0.02	pounds	0.0054	cubic feet	Standard-Size	2.97	0.0	0.0135	2025-01	5.9	weeks	0.78	0.0	2.49	0.0135	0.0087	0.0	USD	0.0087	--	N	N	0.001589963357854903	COVID-19:0.0016	0.1
B08KG6XHN1	X002TD6AS3	AnnoyingPCB - The Prank Device That Won’t Stop Beeping for 3 Years	LEX1	US	5.75	3.19	0.51	inches	0.02	pounds	0.0054	cubic feet	Standard-Size	0.77	0.32	0.0024	2025-01	5.9	weeks	0.78	0.0	0.45	0.0024	0.002	0.0	USD	0.002	--	N	N	0.0	--	0.0
B08KG6XHN1	X002TD6AS3	AnnoyingPCB - The Prank Device That Won’t Stop Beeping for 3 Years	LEX1	US	5.75	3.19	0.51	inches	0.02	pounds	0.0054	cubic feet	Standard-Size	3.97	2.19	0.0096	2025-01	5.9	weeks	0.78	0.0	1.77	0.0096	0.008	0.0	USD	0.008	--	N	N	0.0	--	0.0
B08KG6XHN1	X002TD6AS3	AnnoyingPCB - The Prank Device That Won’t Stop Beeping for 3 Years	LEX2	US	5.75	3.19	0.51	inches	0.02	pounds	0.0054	cubic feet	Standard-Size	0.58	0.23	0.0019	2025-01	5.9	weeks	0.78	0.0	0.35	0.0019	0.0018	0.0	USD	0.0018	--	N	N	0.0	--	0.0
B08KG6XHN1	X002TD6AS3	AnnoyingPCB - The Prank Device That Won’t Stop Beeping for 3 Years	LEX2	US	5.75	3.19	0.51	inches	0.02	pounds	0.0054	cubic feet	Standard-Size	3.13	1.55	0.0086	2025-01	5.9	weeks	0.78	0.0	1.58	0.0086	0.0082	0.0	USD	0.0082	--	N	N	0.0	--	0.0
B08KG6XHN1	X002TD6AS3	AnnoyingPCB - The Prank Device That Won’t Stop Beeping for 3 Years	LGA9	US	5.75	3.19	0.51	inches	0.02	pounds	0.0054	cubic feet	Standard-Size	15.97	0.0	0.0849	2025-01	5.9	weeks	0.78	0.0	13.68	0.074	0.07	0.0	USD	0.07	--	N	N	0.0	--	0.29
B08KG6XHN1	X002TD6AS3	AnnoyingPCB - The Prank Device That Won’t Stop Beeping for 3 Years	LGB3	US	5.75	3.19	0.51	inches	0.02	pounds	0.0054	cubic feet	Standard-Size	0.9	0.0	0.0047	2025-01	5.9	weeks	0.78	0.0	0.87	0.0047	0.0	0.0	USD	0.0	--	N	N	0.0	--	0.03
B08KG6XHN1	X002TD6AS3	AnnoyingPCB - The Prank Device That Won’t Stop Beeping for 3 Years	LGB7	US	5.75	3.19	0.51	inches	0.02	pounds	0.0054	cubic feet	Standard-Size	5.68	0.0	0.0297	2025-01	5.9	weeks	0.78	0.0	5.19	0.0281	0.02	0.0	USD	0.02	--	N	N	0.0	--	0.19
B08KG6XHN1	X002TD6AS3	AnnoyingPCB - The Prank Device That Won’t Stop Beeping for 3 Years	LIT1	US	5.75	3.19	0.51	inches	0.02	pounds	0.0054	cubic feet	Standard-Size	63.48	0.0	0.3398	2025-01	5.9	weeks	0.78	0.0	54.94	0.2974	0.27	0.0	USD	0.27	--	N	N	0.0	--	0.71
B08KG6XHN1	X002TD6AS3	AnnoyingPCB - The Prank Device That Won’t Stop Beeping for 3 Years	LUK2	US	5.75	3.19	0.51	inches	0.02	pounds	0.0054	cubic feet	Standard-Size	6.87	0.0	0.0348	2025-01	5.9	weeks	0.78	0.0	3.65	0.0197	0.03	0.0	USD	0.03	--	N	N	0.0	--	0.45
B08KG6XHN1	X002TD6AS3	AnnoyingPCB - The Prank Device That Won’t Stop Beeping for 3 Years	LUK7	US	5.75	3.19	0.51	inches	0.02	pounds	0.0054	cubic feet	Standard-Size	1.42	0.68	0.004	2025-01	5.9	weeks	0.78	0.0	0.74	0.004	0.0	0.0	USD	0.0	--	N	N	0.0	--	0.0
B08KG6XHN1	X002TD6AS3	AnnoyingPCB - The Prank Device That Won’t Stop Beeping for 3 Years	MCI7	US	5.75	3.19	0.51	inches	0.02	pounds	0.0054	cubic feet	Standard-Size	0.52	0.0	2.0E-4	2025-01	5.9	weeks	0.78	0.0	0.03	2.0E-4	0.0	0.0	USD	0.0	--	N	N	0.0020431917842741935	COVID-19:0.002	0.0
B08KG6XHN1	X002TD6AS3	AnnoyingPCB - The Prank Device That Won’t Stop Beeping for 3 Years	MCO1	US	5.75	3.19	0.51	inches	0.02	pounds	0.0054	cubic feet	Standard-Size	22.77	0.0	0.114	2025-01	5.9	weeks	0.78	0.0	18.43	0.0998	0.09	0.0	USD	0.09	--	N	N	0.0040915432369566795	COVID-19:0.0041	0.74
B08KG6XHN1	X002TD6AS3	AnnoyingPCB - The Prank Device That Won’t Stop Beeping for 3 Years	MDW4	US	5.75	3.19	0.51	inches	0.02	pounds	0.0054	cubic feet	Standard-Size	1.23	0.0	0.0063	2025-01	5.9	weeks	0.78	0.0	0.52	0.0028	0.0	0.0	USD	0.0	--	N	N	0.0	--	0.06
B08KG6XHN1	X002TD6AS3	AnnoyingPCB - The Prank Device That Won’t Stop Beeping for 3 Years	MDW7	US	5.75	3.19	0.51	inches	0.02	pounds	0.0054	cubic feet	Standard-Size	0.13	0.0	5.0E-4	2025-01	5.9	weeks	0.78	0.0	0.1	5.0E-4	0.0	0.0	USD	0.0	--	N	N	0.0	--	0.03
B08KG6XHN1	X002TD6AS3	AnnoyingPCB - The Prank Device That Won’t Stop Beeping for 3 Years	MEM1	US	5.75	3.19	0.51	inches	0.02	pounds	0.0054	cubic feet	Standard-Size	7.42	0.0	0.0402	2025-01	5.9	weeks	0.78	0.0	0.32	0.0017	0.03	0.0	USD	0.03	--	N	N	0.0	--	0.0
B08KG6XHN1	X002TD6AS3	AnnoyingPCB - The Prank Device That Won’t Stop Beeping for 3 Years	MEM3	US	5.75	3.19	0.51	inches	0.02	pounds	0.0054	cubic feet	Standard-Size	1.19	0.81	0.0021	2025-01	5.9	weeks	0.78	0.0	0.39	0.0021	0.0	0.0	USD	0.0	--	N	N	0.0	--	0.0
B08KG6XHN1	X002TD6AS3	AnnoyingPCB - The Prank Device That Won’t Stop Beeping for 3 Years	MEM3	US	5.75	3.19	0.51	inches	0.02	pounds	0.0054	cubic feet	Standard-Size	1.39	0.87	0.0028	2025-01	5.9	weeks	0.78	0.0	0.52	0.0028	0.0	0.0	USD	0.0	--	N	N	0.0	--	0.0
B08KG6XHN1	X002TD6AS3	AnnoyingPCB - The Prank Device That Won’t Stop Beeping for 3 Years	MEM4	US	5.75	3.19	0.51	inches	0.02	pounds	0.0054	cubic feet	Standard-Size	2.35	0.0	0.0117	2025-01	5.9	weeks	0.78	0.0	1.03	0.0056	0.01	0.0	USD	0.01	--	N	N	0.0	--	0.19
B08KG6XHN1	X002TD6AS3	AnnoyingPCB - The Prank Device That Won’t Stop Beeping for 3 Years	MIA1	US	5.75	3.19	0.51	inches	0.02	pounds	0.0054	cubic feet	Standard-Size	12.97	0.0	0.0665	2025-01	5.9	weeks	0.78	0.0	10.94	0.0592	0.05	0.0	USD	0.05	--	N	N	0.0	--	0.68
B08KG6XHN1	X002TD6AS3	AnnoyingPCB - The Prank Device That Won’t Stop Beeping for 3 Years	MKC6	US	5.75	3.19	0.51	inches	0.02	pounds	0.0054	cubic feet	Standard-Size	5.26	0.0	0.0244	2025-01	5.9	weeks	0.78	0.0	3.32	0.018	0.02	0.0	USD	0.02	--	N	N	0.0	--	0.74
B08KG6XHN1	X002TD6AS3	AnnoyingPCB - The Prank Device That Won’t Stop Beeping for 3 Years	MKE1	US	5.75	3.19	0.51	inches	0.02	pounds	0.0054	cubic feet	Standard-Size	0.48	0.0	0.0026	2025-01	5.9	weeks	0.78	0.0	0.48	0.0026	0.0	0.0	USD	0.0	--	N	N	0.0	--	0.0
B08KG6XHN1	X002TD6AS3	AnnoyingPCB - The Prank Device That Won’t Stop Beeping for 3 Years	MKE2	US	5.75	3.19	0.51	inches	0.02	pounds	0.0054	cubic feet	Standard-Size	6.26	0.0	0.0325	2025-01	5.9	weeks	0.78	0.0	3.42	0.0185	0.03	0.0	USD	0.03	--	N	N	0.0	--	0.26
B08KG6XHN1	X002TD6AS3	AnnoyingPCB - The Prank Device That Won’t Stop Beeping for 3 Years	MLI1	US	5.75	3.19	0.51	inches	0.02	pounds	0.0054	cubic feet	Standard-Size	13.58	0.0	0.0711	2025-01	5.9	weeks	0.78	0.0	8.32	0.0451	0.06	0.0	USD	0.06	--	N	N	0.0	--	0.45
B08KG6XHN1	X002TD6AS3	AnnoyingPCB - The Prank Device That Won’t Stop Beeping for 3 Years	MQJ1	US	5.75	3.19	0.51	inches	0.02	pounds	0.0054	cubic feet	Standard-Size	6.19	0.0	0.0335	2025-01	5.9	weeks	0.78	0.0	3.29	0.0178	0.03	0.0	USD	0.03	--	N	N	0.0	--	0.0
B08KG6XHN1	X002TD6AS3	AnnoyingPCB - The Prank Device That Won’t Stop Beeping for 3 Years	MQY1	US	5.75	3.19	0.51	inches	0.02	pounds	0.0054	cubic feet	Standard-Size	21.61	0.0	0.1144	2025-01	5.9	weeks	0.78	0.0	16.19	0.0877	0.09	0.0	USD	0.09	--	N	N	0.0	--	0.48
B08KG6XHN1	X002TD6AS3	AnnoyingPCB - The Prank Device That Won’t Stop Beeping for 3 Years	MSP1	US	5.75	3.19	0.51	inches	0.02	pounds	0.0054	cubic feet	Standard-Size	9.23	0.0	0.0473	2025-01	5.9	weeks	0.78	0.0	4.97	0.0269	0.04	0.0	USD	0.04	--	N	N	0.0	--	0.48
B08KG6XHN1	X002TD6AS3	AnnoyingPCB - The Prank Device That Won’t Stop Beeping for 3 Years	MTN1	US	5.75	3.19	0.51	inches	0.02	pounds	0.0054	cubic feet	Standard-Size	23.94	0.0	0.1252	2025-01	5.9	weeks	0.78	0.0	21.87	0.1184	0.1	0.0	USD	0.1	--	N	N	0.0	--	0.81
B08KG6XHN1	X002TD6AS3	AnnoyingPCB - The Prank Device That Won’t Stop Beeping for 3 Years	OAK4	US	5.75	3.19	0.51	inches	0.02	pounds	0.0054	cubic feet	Standard-Size	89.84	0.0	0.486	2025-01	5.9	weeks	0.78	0.0	89.32	0.4836	0.38	0.0	USD	0.38	--	N	N	0.0	--	0.06
B08KG6XHN1	X002TD6AS3	AnnoyingPCB - The Prank Device That Won’t Stop Beeping for 3 Years	OKC1	US	5.75	3.19	0.51	inches	0.02	pounds	0.0054	cubic feet	Standard-Size	4.42	0.0	0.0208	2025-01	5.9	weeks	0.78	0.0	2.16	0.0117	0.02	0.0	USD	0.02	--	N	N	0.0	--	0.58
B08KG6XHN1	X002TD6AS3	AnnoyingPCB - The Prank Device That Won’t Stop Beeping for 3 Years	OMA2	US	5.75	3.19	0.51	inches	0.02	pounds	0.0054	cubic feet	Standard-Size	12.61	0.0	0.0657	2025-01	5.9	weeks	0.78	0.0	10.97	0.0594	0.05	0.0	USD	0.05	--	N	N	0.0	--	0.48
B08KG6XHN1	X002TD6AS3	AnnoyingPCB - The Prank Device That Won’t Stop Beeping for 3 Years	ONT6	US	5.75	3.19	0.51	inches	0.02	pounds	0.0054	cubic feet	Standard-Size	0.48	0.0	0.0026	2025-01	5.9	weeks	0.78	0.0	0.45	0.0024	0.0	0.0	USD	0.0	--	N	N	0.0	--	0.0
B08KG6XHN1	X002TD6AS3	AnnoyingPCB - The Prank Device That Won’t Stop Beeping for 3 Years	ORD5	US	5.75	3.19	0.51	inches	0.02	pounds	0.0054	cubic feet	Standard-Size	8.61	0.0	0.0459	2025-01	5.9	weeks	0.78	0.0	7.13	0.0386	0.04	0.0	USD	0.04	--	N	N	0.0	--	0.13
B08KG6XHN1	X002TD6AS3	AnnoyingPCB - The Prank Device That Won’t Stop Beeping for 3 Years	ORF3	US	5.75	3.19	0.51	inches	0.02	pounds	0.0054	cubic feet	Standard-Size	5.16	0.0	0.0279	2025-01	5.9	weeks	0.78	0.0	4.74	0.0257	0.02	0.0	USD	0.02	--	N	N	0.0	--	0.0
B08KG6XHN1	X002TD6AS3	AnnoyingPCB - The Prank Device That Won’t Stop Beeping for 3 Years	ORH3	US	5.75	3.19	0.51	inches	0.02	pounds	0.0054	cubic feet	Standard-Size	86.58	0.0	0.4682	2025-01	5.9	weeks	0.78	0.0	69.68	0.3772	0.37	0.0	USD	0.37	--	N	N	0.0	--	0.1
B08KG6XHN1	X002TD6AS3	AnnoyingPCB - The Prank Device That Won’t Stop Beeping for 3 Years	OXR1	US	5.75	3.19	0.51	inches	0.02	pounds	0.0054	cubic feet	Standard-Size	2.58	0.0	0.0138	2025-01	5.9	weeks	0.78	0.0	2.35	0.0127	0.01	0.0	USD	0.01	--	N	N	0.0	--	0.03
B08KG6XHN1	X002TD6AS3	AnnoyingPCB - The Prank Device That Won’t Stop Beeping for 3 Years	PAE2	US	5.75	3.19	0.51	inches	0.02	pounds	0.0054	cubic feet	Standard-Size	4.65	0.0	0.0239	2025-01	5.9	weeks	0.78	0.0	4.23	0.0229	0.02	0.0	USD	0.02	--	N	N	0.0	--	0.23
B08KG6XHN1	X002TD6AS3	AnnoyingPCB - The Prank Device That Won’t Stop Beeping for 3 Years	PCW1	US	5.75	3.19	0.51	inches	0.02	pounds	0.0054	cubic feet	Standard-Size	0.45	0.0	9.0E-4	2025-01	5.9	weeks	0.78	0.0	0.16	9.0E-4	0.0	0.0	USD	0.0	--	N	N	0.0	--	0.32
B08KG6XHN1	X002TD6AS3	AnnoyingPCB - The Prank Device That Won’t Stop Beeping for 3 Years	PDX9	US	5.75	3.19	0.51	inches	0.02	pounds	0.0054	cubic feet	Standard-Size	1.39	0.0	0.0063	2025-01	5.9	weeks	0.78	0.0	1.16	0.0063	0.0	0.0	USD	0.0	--	N	N	0.0	--	0.23
B08KG6XHN1	X002TD6AS3	AnnoyingPCB - The Prank Device That Won’t Stop Beeping for 3 Years	PGA1	US	5.75	3.19	0.51	inches	0.02	pounds	0.0054	cubic feet	Standard-Size	0.32	0.0	0.0017	2025-01	5.9	weeks	0.78	0.0	0.32	0.0017	0.0	0.0	USD	0.0	--	N	N	0.0	--	0.0
B08KG6XHN1	X002TD6AS3	AnnoyingPCB - The Prank Device That Won’t Stop Beeping for 3 Years	PGA1	US	5.75	3.19	0.51	inches	0.02	pounds	0.0054	cubic feet	Standard-Size	1.23	0.65	0.0031	2025-01	5.9	weeks	0.78	0.0	0.58	0.0031	0.0	0.0	USD	0.0	--	N	N	0.0	--	0.0
B08KG6XHN1	X002TD6AS3	AnnoyingPCB - The Prank Device That Won’t Stop Beeping for 3 Years	PHL1	US	5.75	3.19	0.51	inches	0.02	pounds	0.0054	cubic feet	Standard-Size	2.0	0.0	0.0108	2025-01	5.9	weeks	0.78	0.0	1.81	0.0098	0.01	0.0	USD	0.01	--	N	N	0.0	--	0.0
B08KG6XHN1	X002TD6AS3	AnnoyingPCB - The Prank Device That Won’t Stop Beeping for 3 Years	PHL7	US	5.75	3.19	0.51	inches	0.02	pounds	0.0054	cubic feet	Standard-Size	2.0	0.0	0.0098	2025-01	5.9	weeks	0.78	0.0	0.81	0.0044	0.01	0.0	USD	0.01	--	N	N	0.0	--	0.19
B08KG6XHN1	X002TD6AS3	AnnoyingPCB - The Prank Device That Won’t Stop Beeping for 3 Years	PHX6	US	5.75	3.19	0.51	inches	0.02	pounds	0.0054	cubic feet	Standard-Size	1.48	0.77	0.0038	2025-01	5.9	weeks	0.78	0.0	0.71	0.0038	0.0026	0.0	USD	0.0026	--	N	N	0.0	--	0.0
B08KG6XHN1	X002TD6AS3	AnnoyingPCB - The Prank Device That Won’t Stop Beeping for 3 Years	PHX6	US	5.75	3.19	0.51	inches	0.02	pounds	0.0054	cubic feet	Standard-Size	4.39	2.35	0.011	2025-01	5.9	weeks	0.78	0.0	2.03	0.011	0.0074	0.0	USD	0.0074	--	N	N	0.0	--	0.0
B08KG6XHN1	X002TD6AS3	AnnoyingPCB - The Prank Device That Won’t Stop Beeping for 3 Years	PSP1	US	5.75	3.19	0.51	inches	0.02	pounds	0.0054	cubic feet	Standard-Size	1.97	0.0	0.0107	2025-01	5.9	weeks	0.78	0.0	1.81	0.0098	0.01	0.0	USD	0.01	--	N	N	0.0	--	0.0
B08KG6XHN1	X002TD6AS3	AnnoyingPCB - The Prank Device That Won’t Stop Beeping for 3 Years	PVD2	US	5.75	3.19	0.51	inches	0.02	pounds	0.0054	cubic feet	Standard-Size	9.9	0.0	0.052	2025-01	5.9	weeks	0.78	0.0	7.13	0.0386	0.04	0.0	USD	0.04	--	N	N	0.0	--	0.29
B08KG6XHN1	X002TD6AS3	AnnoyingPCB - The Prank Device That Won’t Stop Beeping for 3 Years	RDG1	US	5.75	3.19	0.51	inches	0.02	pounds	0.0054	cubic feet	Standard-Size	12.39	0.0	0.0669	2025-01	5.9	weeks	0.78	0.0	9.71	0.0526	0.05	0.0	USD	0.05	--	N	N	0.0	--	0.03
B08KG6XHN1	X002TD6AS3	AnnoyingPCB - The Prank Device That Won’t Stop Beeping for 3 Years	RDU1	US	5.75	3.19	0.51	inches	0.02	pounds	0.0054	cubic feet	Standard-Size	2.87	0.0	0.0122	2025-01	5.9	weeks	0.78	0.0	1.39	0.0075	0.01	0.0	USD	0.01	--	N	N	0.0	--	0.61
B08KG6XHN1	X002TD6AS3	AnnoyingPCB - The Prank Device That Won’t Stop Beeping for 3 Years	RFD2	US	5.75	3.19	0.51	inches	0.02	pounds	0.0054	cubic feet	Standard-Size	45.39	0.0	0.2457	2025-01	5.9	weeks	0.78	0.0	45.39	0.2457	0.19	0.0	USD	0.19	--	N	N	0.0	--	0.0
B08KG6XHN1	X002TD6AS3	AnnoyingPCB - The Prank Device That Won’t Stop Beeping for 3 Years	RIC2	US	5.75	3.19	0.51	inches	0.02	pounds	0.0054	cubic feet	Standard-Size	0.23	0.0	9.0E-4	2025-01	5.9	weeks	0.78	0.0	0.1	5.0E-4	0.0	0.0	USD	0.0	--	N	N	0.0	--	0.06
B08KG6XHN1	X002TD6AS3	AnnoyingPCB - The Prank Device That Won’t Stop Beeping for 3 Years	RIC4	US	5.75	3.19	0.51	inches	0.02	pounds	0.0054	cubic feet	Standard-Size	149.84	0.0	0.8099	2025-01	5.9	weeks	0.78	0.0	102.65	0.5557	0.63	0.0	USD	0.63	--	N	N	0.0	--	0.23
B08KG6XHN1	X002TD6AS3	AnnoyingPCB - The Prank Device That Won’t Stop Beeping for 3 Years	RMN3	US	5.75	3.19	0.51	inches	0.02	pounds	0.0054	cubic feet	Standard-Size	0.19	0.0	0.001	2025-01	5.9	weeks	0.78	0.0	0.16	9.0E-4	0.0	0.0	USD	0.0	--	N	N	0.0	--	0.0
B08KG6XHN1	X002TD6AS3	AnnoyingPCB - The Prank Device That Won’t Stop Beeping for 3 Years	ROC1	US	5.75	3.19	0.51	inches	0.02	pounds	0.0054	cubic feet	Standard-Size	18.77	0.0	0.1008	2025-01	5.9	weeks	0.78	0.0	10.71	0.058	0.08	0.0	USD	0.08	--	N	N	0.0	--	0.16
B08KG6XHN1	X002TD6AS3	AnnoyingPCB - The Prank Device That Won’t Stop Beeping for 3 Years	SAN3	US	5.75	3.19	0.51	inches	0.02	pounds	0.0054	cubic feet	Standard-Size	29.1	0.0	0.1532	2025-01	5.9	weeks	0.78	0.0	11.42	0.0618	0.12	0.0	USD	0.12	--	N	N	0.0	--	0.81
B08KG6XHN1	X002TD6AS3	AnnoyingPCB - The Prank Device That Won’t Stop Beeping for 3 Years	SAT2	US	5.75	3.19	0.51	inches	0.02	pounds	0.0054	cubic feet	Standard-Size	0.23	0.0	0.0012	2025-01	5.9	weeks	0.78	0.0	0.13	7.0E-4	0.0	0.0	USD	0.0	--	N	N	0.0	--	0.0
B08KG6XHN1	X002TD6AS3	AnnoyingPCB - The Prank Device That Won’t Stop Beeping for 3 Years	SAT3	US	5.75	3.19	0.51	inches	0.02	pounds	0.0054	cubic feet	Standard-Size	0.58	0.0	0.0031	2025-01	5.9	weeks	0.78	0.0	0.58	0.0031	0.0	0.0	USD	0.0	--	N	N	0.0	--	0.0
B08KG6XHN1	X002TD6AS3	AnnoyingPCB - The Prank Device That Won’t Stop Beeping for 3 Years	SAV4	US	5.75	3.19	0.51	inches	0.02	pounds	0.0054	cubic feet	Standard-Size	25.61	0.0	0.1376	2025-01	5.9	weeks	0.78	0.0	11.23	0.0608	0.11	0.0	USD	0.11	--	N	N	0.0	--	0.19
B08KG6XHN1	X002TD6AS3	AnnoyingPCB - The Prank Device That Won’t Stop Beeping for 3 Years	SAZ2	US	5.75	3.19	0.51	inches	0.02	pounds	0.0054	cubic feet	Standard-Size	2.61	0.0	0.0131	2025-01	5.9	weeks	0.78	0.0	1.45	0.0079	0.01	0.0	USD	0.01	--	N	N	0.0	--	0.19
B08KG6XHN1	X002TD6AS3	AnnoyingPCB - The Prank Device That Won’t Stop Beeping for 3 Years	SAZ3	US	5.75	3.19	0.51	inches	0.02	pounds	0.0054	cubic feet	Standard-Size	1.42	0.0	0.0077	2025-01	5.9	weeks	0.78	0.0	0.65	0.0035	0.01	0.0	USD	0.01	--	N	N	0.0	--	0.0
B08KG6XHN1	X002TD6AS3	AnnoyingPCB - The Prank Device That Won’t Stop Beeping for 3 Years	SBD6	US	5.75	3.19	0.51	inches	0.02	pounds	0.0054	cubic feet	Standard-Size	6.26	0.0	0.0327	2025-01	5.9	weeks	0.78	0.0	3.97	0.0215	0.03	0.0	USD	0.03	--	N	N	0.0	--	0.23
B08KG6XHN1	X002TD6AS3	AnnoyingPCB - The Prank Device That Won’t Stop Beeping for 3 Years	SCA5	US	5.75	3.19	0.51	inches	0.02	pounds	0.0054	cubic feet	Standard-Size	2.42	0.0	0.0131	2025-01	5.9	weeks	0.78	0.0	1.26	0.0068	0.01	0.0	USD	0.01	--	N	N	0.0	--	0.0
B08KG6XHN1	X002TD6AS3	AnnoyingPCB - The Prank Device That Won’t Stop Beeping for 3 Years	SCK1	US	5.75	3.19	0.51	inches	0.02	pounds	0.0054	cubic feet	Standard-Size	33.61	0.0	0.182	2025-01	5.9	weeks	0.78	0.0	15.16	0.0821	0.14	0.0	USD	0.14	--	N	N	0.0	--	0.0
B08KG6XHN1	X002TD6AS3	AnnoyingPCB - The Prank Device That Won’t Stop Beeping for 3 Years	SCK4	US	5.75	3.19	0.51	inches	0.02	pounds	0.0054	cubic feet	Standard-Size	32.74	0.0	0.1773	2025-01	5.9	weeks	0.78	0.0	3.45	0.0187	0.14	0.0	USD	0.14	--	N	N	0.0	--	0.0
B08KG6XHN1	X002TD6AS3	AnnoyingPCB - The Prank Device That Won’t Stop Beeping for 3 Years	SCK6	US	5.75	3.19	0.51	inches	0.02	pounds	0.0054	cubic feet	Standard-Size	3.87	0.0	0.0189	2025-01	5.9	weeks	0.78	0.0	2.23	0.012	0.01	0.0	USD	0.01	--	N	N	0.0	--	0.39
B08KG6XHN1	X002TD6AS3	AnnoyingPCB - The Prank Device That Won’t Stop Beeping for 3 Years	SCO1	US	5.75	3.19	0.51	inches	0.02	pounds	0.0054	cubic feet	Standard-Size	3.19	0.0	0.0173	2025-01	5.9	weeks	0.78	0.0	1.48	0.008	0.01	0.0	USD	0.01	--	N	N	0.0	--	0.0
B08KG6XHN1	X002TD6AS3	AnnoyingPCB - The Prank Device That Won’t Stop Beeping for 3 Years	SDF1	US	5.75	3.19	0.51	inches	0.02	pounds	0.0054	cubic feet	Standard-Size	0.03	0.0	2.0E-4	2025-01	5.9	weeks	0.78	0.0	0.0	0.0	0.0	0.0	USD	0.0	--	N	N	0.0	--	0.0
B08KG6XHN1	X002TD6AS3	AnnoyingPCB - The Prank Device That Won’t Stop Beeping for 3 Years	SDF6	US	5.75	3.19	0.51	inches	0.02	pounds	0.0054	cubic feet	Standard-Size	0.13	0.0	7.0E-4	2025-01	5.9	weeks	0.78	0.0	0.13	7.0E-4	0.0	0.0	USD	0.0	--	N	N	0.0	--	0.0
B08KG6XHN1	X002TD6AS3	AnnoyingPCB - The Prank Device That Won’t Stop Beeping for 3 Years	SDF8	US	5.75	3.19	0.51	inches	0.02	pounds	0.0054	cubic feet	Standard-Size	1.9	0.0	0.0091	2025-01	5.9	weeks	0.78	0.0	0.13	7.0E-4	0.01	0.0	USD	0.01	--	N	N	0.0	--	0.23
B08KG6XHN1	X002TD6AS3	AnnoyingPCB - The Prank Device That Won’t Stop Beeping for 3 Years	SFL1	US	5.75	3.19	0.51	inches	0.02	pounds	0.0054	cubic feet	Standard-Size	2.23	0.0	0.012	2025-01	5.9	weeks	0.78	0.0	0.42	0.0023	0.01	0.0	USD	0.01	--	N	N	0.0	--	0.0
B08KG6XHN1	X002TD6AS3	AnnoyingPCB - The Prank Device That Won’t Stop Beeping for 3 Years	SFL2	US	5.75	3.19	0.51	inches	0.02	pounds	0.0054	cubic feet	Standard-Size	0.65	0.0	0.0035	2025-01	5.9	weeks	0.78	0.0	0.06	3.0E-4	0.0	0.0	USD	0.0	--	N	N	0.0	--	0.0
B08KG6XHN1	X002TD6AS3	AnnoyingPCB - The Prank Device That Won’t Stop Beeping for 3 Years	SFL3	US	5.75	3.19	0.51	inches	0.02	pounds	0.0054	cubic feet	Standard-Size	1.94	0.0	0.0103	2025-01	5.9	weeks	0.78	0.0	1.06	0.0058	0.01	0.0	USD	0.01	--	N	N	0.0	--	0.03
B08KG6XHN1	X002TD6AS3	AnnoyingPCB - The Prank Device That Won’t Stop Beeping for 3 Years	SFL4	US	5.75	3.19	0.51	inches	0.02	pounds	0.0054	cubic feet	Standard-Size	1.65	0.0	0.0089	2025-01	5.9	weeks	0.78	0.0	0.29	0.0016	0.01	0.0	USD	0.01	--	N	N	0.0	--	0.0
B08KG6XHN1	X002TD6AS3	AnnoyingPCB - The Prank Device That Won’t Stop Beeping for 3 Years	SFL6	US	5.75	3.19	0.51	inches	0.02	pounds	0.0054	cubic feet	Standard-Size	1.71	0.0	0.0093	2025-01	5.9	weeks	0.78	0.0	0.52	0.0028	0.01	0.0	USD	0.01	--	N	N	0.0	--	0.0
B08KG6XHN1	X002TD6AS3	AnnoyingPCB - The Prank Device That Won’t Stop Beeping for 3 Years	SFL7	US	5.75	3.19	0.51	inches	0.02	pounds	0.0054	cubic feet	Standard-Size	3.23	0.0	0.0175	2025-01	5.9	weeks	0.78	0.0	1.35	0.0073	0.01	0.0	USD	0.01	--	N	N	0.0	--	0.0
B08KG6XHN1	X002TD6AS3	AnnoyingPCB - The Prank Device That Won’t Stop Beeping for 3 Years	SFL8	US	5.75	3.19	0.51	inches	0.02	pounds	0.0054	cubic feet	Standard-Size	3.94	0.0	0.0213	2025-01	5.9	weeks	0.78	0.0	1.77	0.0096	0.02	0.0	USD	0.02	--	N	N	0.0	--	0.0
B08KG6XHN1	X002TD6AS3	AnnoyingPCB - The Prank Device That Won’t Stop Beeping for 3 Years	SGA1	US	5.75	3.19	0.51	inches	0.02	pounds	0.0054	cubic feet	Standard-Size	1.19	0.0	0.0065	2025-01	5.9	weeks	0.78	0.0	0.48	0.0026	0.01	0.0	USD	0.01	--	N	N	0.0	--	0.0
B08KG6XHN1	X002TD6AS3	AnnoyingPCB - The Prank Device That Won’t Stop Beeping for 3 Years	SGA2	US	5.75	3.19	0.51	inches	0.02	pounds	0.0054	cubic feet	Standard-Size	1.97	0.0	0.0107	2025-01	5.9	weeks	0.78	0.0	1.0	0.0054	0.01	0.0	USD	0.01	--	N	N	0.0	--	0.0
B08KG6XHN1	X002TD6AS3	AnnoyingPCB - The Prank Device That Won’t Stop Beeping for 3 Years	SHV1	US	5.75	3.19	0.51	inches	0.02	pounds	0.0054	cubic feet	Standard-Size	3.26	0.0	0.0175	2025-01	5.9	weeks	0.78	0.0	1.39	0.0075	0.01	0.0	USD	0.01	--	N	N	0.0	--	0.03
B08KG6XHN1	X002TD6AS3	AnnoyingPCB - The Prank Device That Won’t Stop Beeping for 3 Years	SIA2	US	5.75	3.19	0.51	inches	0.02	pounds	0.0054	cubic feet	Standard-Size	2.71	0.0	0.0147	2025-01	5.9	weeks	0.78	0.0	0.9	0.0049	0.01	0.0	USD	0.01	--	N	N	0.0	--	0.0
B08KG6XHN1	X002TD6AS3	AnnoyingPCB - The Prank Device That Won’t Stop Beeping for 3 Years	SID1	US	5.75	3.19	0.51	inches	0.02	pounds	0.0054	cubic feet	Standard-Size	4.81	0.0	0.026	2025-01	5.9	weeks	0.78	0.0	1.77	0.0096	0.02	0.0	USD	0.02	--	N	N	0.0	--	0.0
B08KG6XHN1	X002TD6AS3	AnnoyingPCB - The Prank Device That Won’t Stop Beeping for 3 Years	SIL2	US	5.75	3.19	0.51	inches	0.02	pounds	0.0054	cubic feet	Standard-Size	1.87	0.0	0.0101	2025-01	5.9	weeks	0.78	0.0	0.81	0.0044	0.01	0.0	USD	0.01	--	N	N	0.0	--	0.0
B08KG6XHN1	X002TD6AS3	AnnoyingPCB - The Prank Device That Won’t Stop Beeping for 3 Years	SIN9	US	5.75	3.19	0.51	inches	0.02	pounds	0.0054	cubic feet	Standard-Size	1.74	0.0	0.0094	2025-01	5.9	weeks	0.78	0.0	1.0	0.0054	0.01	0.0	USD	0.01	--	N	N	0.0	--	0.0
B08KG6XHN1	X002TD6AS3	AnnoyingPCB - The Prank Device That Won’t Stop Beeping for 3 Years	SKY2	US	5.75	3.19	0.51	inches	0.02	pounds	0.0054	cubic feet	Standard-Size	1.0	0.0	0.0054	2025-01	5.9	weeks	0.78	0.0	0.35	0.0019	0.0	0.0	USD	0.0	--	N	N	0.0	--	0.0
B08KG6XHN1	X002TD6AS3	AnnoyingPCB - The Prank Device That Won’t Stop Beeping for 3 Years	SLC1	US	5.75	3.19	0.51	inches	0.02	pounds	0.0054	cubic feet	Standard-Size	4.39	0.0	0.0225	2025-01	5.9	weeks	0.78	0.0	2.0	0.0108	0.02	0.0	USD	0.02	--	N	N	0.0	--	0.23
B08KG6XHN1	X002TD6AS3	AnnoyingPCB - The Prank Device That Won’t Stop Beeping for 3 Years	SMA1	US	5.75	3.19	0.51	inches	0.02	pounds	0.0054	cubic feet	Standard-Size	2.48	0.0	0.0134	2025-01	5.9	weeks	0.78	0.0	0.55	0.003	0.01	0.0	USD	0.01	--	N	N	0.0	--	0.0
B08KG6XHN1	X002TD6AS3	AnnoyingPCB - The Prank Device That Won’t Stop Beeping for 3 Years	SMA2	US	5.75	3.19	0.51	inches	0.02	pounds	0.0054	cubic feet	Standard-Size	3.19	0.0	0.0173	2025-01	5.9	weeks	0.78	0.0	1.23	0.0066	0.01	0.0	USD	0.01	--	N	N	0.0	--	0.0
B08KG6XHN1	X002TD6AS3	AnnoyingPCB - The Prank Device That Won’t Stop Beeping for 3 Years	SMD1	US	5.75	3.19	0.51	inches	0.02	pounds	0.0054	cubic feet	Standard-Size	1.61	0.0	0.0087	2025-01	5.9	weeks	0.78	0.0	0.52	0.0028	0.01	0.0	USD	0.01	--	N	N	0.0	--	0.0
B08KG6XHN1	X002TD6AS3	AnnoyingPCB - The Prank Device That Won’t Stop Beeping for 3 Years	SMF1	US	5.75	3.19	0.51	inches	0.02	pounds	0.0054	cubic feet	Standard-Size	1.29	0.0	0.0059	2025-01	5.9	weeks	0.78	0.0	0.29	0.0016	0.0	0.0	USD	0.0	--	N	N	0.0	--	0.19
B08KG6XHN1	X002TD6AS3	AnnoyingPCB - The Prank Device That Won’t Stop Beeping for 3 Years	SMI1	US	5.75	3.19	0.51	inches	0.02	pounds	0.0054	cubic feet	Standard-Size	1.52	0.0	0.0082	2025-01	5.9	weeks	0.78	0.0	0.16	9.0E-4	0.01	0.0	USD	0.01	--	N	N	0.0	--	0.0
B08KG6XHN1	X002TD6AS3	AnnoyingPCB - The Prank Device That Won’t Stop Beeping for 3 Years	SMN1	US	5.75	3.19	0.51	inches	0.02	pounds	0.0054	cubic feet	Standard-Size	2.9	0.0	0.0157	2025-01	5.9	weeks	0.78	0.0	1.23	0.0066	0.01	0.0	USD	0.01	--	N	N	0.0	--	0.0
B08KG6XHN1	X002TD6AS3	AnnoyingPCB - The Prank Device That Won’t Stop Beeping for 3 Years	SMO1	US	5.75	3.19	0.51	inches	0.02	pounds	0.0054	cubic feet	Standard-Size	4.97	0.0	0.0269	2025-01	5.9	weeks	0.78	0.0	1.32	0.0072	0.02	0.0	USD	0.02	--	N	N	0.0	--	0.0
B08KG6XHN1	X002TD6AS3	AnnoyingPCB - The Prank Device That Won’t Stop Beeping for 3 Years	SMO2	US	5.75	3.19	0.51	inches	0.02	pounds	0.0054	cubic feet	Standard-Size	2.68	0.0	0.0145	2025-01	5.9	weeks	0.78	0.0	0.87	0.0047	0.01	0.0	USD	0.01	--	N	N	0.0	--	0.0
B08KG6XHN1	X002TD6AS3	AnnoyingPCB - The Prank Device That Won’t Stop Beeping for 3 Years	SNC2	US	5.75	3.19	0.51	inches	0.02	pounds	0.0054	cubic feet	Standard-Size	1.65	0.0	0.0089	2025-01	5.9	weeks	0.78	0.0	0.87	0.0047	0.01	0.0	USD	0.01	--	N	N	0.0	--	0.0
B08KG6XHN1	X002TD6AS3	AnnoyingPCB - The Prank Device That Won’t Stop Beeping for 3 Years	SNC3	US	5.75	3.19	0.51	inches	0.02	pounds	0.0054	cubic feet	Standard-Size	2.97	0.0	0.0161	2025-01	5.9	weeks	0.78	0.0	1.58	0.0086	0.01	0.0	USD	0.01	--	N	N	0.0	--	0.0
B08KG6XHN1	X002TD6AS3	AnnoyingPCB - The Prank Device That Won’t Stop Beeping for 3 Years	SNC6	US	5.75	3.19	0.51	inches	0.02	pounds	0.0054	cubic feet	Standard-Size	1.58	0.0	0.0086	2025-01	5.9	weeks	0.78	0.0	0.97	0.0052	0.01	0.0	USD	0.01	--	N	N	0.0	--	0.0
B08KG6XHN1	X002TD6AS3	AnnoyingPCB - The Prank Device That Won’t Stop Beeping for 3 Years	SNE1	US	5.75	3.19	0.51	inches	0.02	pounds	0.0054	cubic feet	Standard-Size	1.23	0.0	0.0066	2025-01	5.9	weeks	0.78	0.0	0.32	0.0017	0.01	0.0	USD	0.01	--	N	N	0.0	--	0.0
B08KG6XHN1	X002TD6AS3	AnnoyingPCB - The Prank Device That Won’t Stop Beeping for 3 Years	SNJ2	US	5.75	3.19	0.51	inches	0.02	pounds	0.0054	cubic feet	Standard-Size	2.61	0.0	0.0136	2025-01	5.9	weeks	0.78	0.0	0.06	3.0E-4	0.01	0.0	USD	0.01	--	N	N	0.0	--	0.1
B08KG6XHN1	X002TD6AS3	AnnoyingPCB - The Prank Device That Won’t Stop Beeping for 3 Years	SNJ3	US	5.75	3.19	0.51	inches	0.02	pounds	0.0054	cubic feet	Standard-Size	4.68	0.0	0.0251	2025-01	5.9	weeks	0.78	0.0	1.39	0.0075	0.02	0.0	USD	0.02	--	N	N	0.0	--	0.03
B08KG6XHN1	X002TD6AS3	AnnoyingPCB - The Prank Device That Won’t Stop Beeping for 3 Years	SNL1	US	5.75	3.19	0.51	inches	0.02	pounds	0.0054	cubic feet	Standard-Size	2.45	0.0	0.0133	2025-01	5.9	weeks	0.78	0.0	0.71	0.0038	0.01	0.0	USD	0.01	--	N	N	0.0	--	0.0
B08KG6XHN1	X002TD6AS3	AnnoyingPCB - The Prank Device That Won’t Stop Beeping for 3 Years	SNV1	US	5.75	3.19	0.51	inches	0.02	pounds	0.0054	cubic feet	Standard-Size	0.84	0.0	0.0045	2025-01	5.9	weeks	0.78	0.0	0.32	0.0017	0.0	0.0	USD	0.0	--	N	N	0.0	--	0.0
B08KG6XHN1	X002TD6AS3	AnnoyingPCB - The Prank Device That Won’t Stop Beeping for 3 Years	SOH1	US	5.75	3.19	0.51	inches	0.02	pounds	0.0054	cubic feet	Standard-Size	37.58	0.0	0.2034	2025-01	5.9	weeks	0.78	0.0	9.45	0.0512	0.16	0.0	USD	0.16	--	N	N	0.0	--	0.0
B08KG6XHN1	X002TD6AS3	AnnoyingPCB - The Prank Device That Won’t Stop Beeping for 3 Years	SOH2	US	5.75	3.19	0.51	inches	0.02	pounds	0.0054	cubic feet	Standard-Size	2.42	0.0	0.0129	2025-01	5.9	weeks	0.78	0.0	0.71	0.0038	0.01	0.0	USD	0.01	--	N	N	0.0	--	0.03
B08KG6XHN1	X002TD6AS3	AnnoyingPCB - The Prank Device That Won’t Stop Beeping for 3 Years	SOH3	US	5.75	3.19	0.51	inches	0.02	pounds	0.0054	cubic feet	Standard-Size	1.0	0.0	0.0054	2025-01	5.9	weeks	0.78	0.0	0.45	0.0024	0.0	0.0	USD	0.0	--	N	N	0.0	--	0.0
B08KG6XHN1	X002TD6AS3	AnnoyingPCB - The Prank Device That Won’t Stop Beeping for 3 Years	SOK1	US	5.75	3.19	0.51	inches	0.02	pounds	0.0054	cubic feet	Standard-Size	4.84	0.0	0.0262	2025-01	5.9	weeks	0.78	0.0	0.97	0.0052	0.02	0.0	USD	0.02	--	N	N	0.0	--	0.0
B08KG6XHN1	X002TD6AS3	AnnoyingPCB - The Prank Device That Won’t Stop Beeping for 3 Years	SOR3	US	5.75	3.19	0.51	inches	0.02	pounds	0.0054	cubic feet	Standard-Size	2.81	0.0	0.0152	2025-01	5.9	weeks	0.78	0.0	0.81	0.0044	0.01	0.0	USD	0.01	--	N	N	0.0	--	0.0
B08KG6XHN1	X002TD6AS3	AnnoyingPCB - The Prank Device That Won’t Stop Beeping for 3 Years	SPA1	US	5.75	3.19	0.51	inches	0.02	pounds	0.0054	cubic feet	Standard-Size	2.9	0.0	0.0157	2025-01	5.9	weeks	0.78	0.0	0.32	0.0017	0.01	0.0	USD	0.01	--	N	N	0.0	--	0.0
B08KG6XHN1	X002TD6AS3	AnnoyingPCB - The Prank Device That Won’t Stop Beeping for 3 Years	SSC3	US	5.75	3.19	0.51	inches	0.02	pounds	0.0054	cubic feet	Standard-Size	0.52	0.0	0.0028	2025-01	5.9	weeks	0.78	0.0	0.0	0.0	0.0	0.0	USD	0.0	--	N	N	0.0	--	0.0
B08KG6XHN1	X002TD6AS3	AnnoyingPCB - The Prank Device That Won’t Stop Beeping for 3 Years	STL8	US	5.75	3.19	0.51	inches	0.02	pounds	0.0054	cubic feet	Standard-Size	5.94	0.0	0.0293	2025-01	5.9	weeks	0.78	0.0	1.35	0.0073	0.02	0.0	USD	0.02	--	N	N	0.0	--	0.52
B08KG6XHN1	X002TD6AS3	AnnoyingPCB - The Prank Device That Won’t Stop Beeping for 3 Years	STN1	US	5.75	3.19	0.51	inches	0.02	pounds	0.0054	cubic feet	Standard-Size	1.1	0.0	0.0059	2025-01	5.9	weeks	0.78	0.0	0.1	5.0E-4	0.0	0.0	USD	0.0	--	N	N	0.0	--	0.0
B08KG6XHN1	X002TD6AS3	AnnoyingPCB - The Prank Device That Won’t Stop Beeping for 3 Years	STW1	US	5.75	3.19	0.51	inches	0.02	pounds	0.0054	cubic feet	Standard-Size	1.55	0.0	0.0084	2025-01	5.9	weeks	0.78	0.0	0.1	5.0E-4	0.01	0.0	USD	0.01	--	N	N	0.0	--	0.0
B08KG6XHN1	X002TD6AS3	AnnoyingPCB - The Prank Device That Won’t Stop Beeping for 3 Years	STX2	US	5.75	3.19	0.51	inches	0.02	pounds	0.0054	cubic feet	Standard-Size	2.23	0.0	0.012	2025-01	5.9	weeks	0.78	0.0	0.16	9.0E-4	0.01	0.0	USD	0.01	--	N	N	0.0	--	0.0
B08KG6XHN1	X002TD6AS3	AnnoyingPCB - The Prank Device That Won’t Stop Beeping for 3 Years	STX3	US	5.75	3.19	0.51	inches	0.02	pounds	0.0054	cubic feet	Standard-Size	42.84	0.0	0.2319	2025-01	5.9	weeks	0.78	0.0	1.26	0.0068	0.18	0.0	USD	0.18	--	N	N	0.0	--	0.0
B08KG6XHN1	X002TD6AS3	AnnoyingPCB - The Prank Device That Won’t Stop Beeping for 3 Years	STX4	US	5.75	3.19	0.51	inches	0.02	pounds	0.0054	cubic feet	Standard-Size	0.81	0.0	0.0044	2025-01	5.9	weeks	0.78	0.0	0.1	5.0E-4	0.0	0.0	USD	0.0	--	N	N	0.0	--	0.0
B08KG6XHN1	X002TD6AS3	AnnoyingPCB - The Prank Device That Won’t Stop Beeping for 3 Years	STX5	US	5.75	3.19	0.51	inches	0.02	pounds	0.0054	cubic feet	Standard-Size	1.58	0.0	0.0086	2025-01	5.9	weeks	0.78	0.0	0.1	5.0E-4	0.01	0.0	USD	0.01	--	N	N	0.0	--	0.0
B08KG6XHN1	X002TD6AS3	AnnoyingPCB - The Prank Device That Won’t Stop Beeping for 3 Years	STX6	US	5.75	3.19	0.51	inches	0.02	pounds	0.0054	cubic feet	Standard-Size	3.45	0.0	0.0187	2025-01	5.9	weeks	0.78	0.0	0.03	2.0E-4	0.01	0.0	USD	0.01	--	N	N	0.0	--	0.0
B08KG6XHN1	X002TD6AS3	AnnoyingPCB - The Prank Device That Won’t Stop Beeping for 3 Years	STX7	US	5.75	3.19	0.51	inches	0.02	pounds	0.0054	cubic feet	Standard-Size	1.97	0.0	0.0103	2025-01	5.9	weeks	0.78	0.0	0.03	2.0E-4	0.01	0.0	USD	0.01	--	N	N	0.0	--	0.06
B08KG6XHN1	X002TD6AS3	AnnoyingPCB - The Prank Device That Won’t Stop Beeping for 3 Years	SUT1	US	5.75	3.19	0.51	inches	0.02	pounds	0.0054	cubic feet	Standard-Size	3.68	0.0	0.0154	2025-01	5.9	weeks	0.78	0.0	0.02	1.0E-4	0.01	0.0	USD	0.01	--	N	N	0.003493857951108872	COVID-19:0.0035	0.0
B08KG6XHN1	X002TD6AS3	AnnoyingPCB - The Prank Device That Won’t Stop Beeping for 3 Years	SUT2	US	5.75	3.19	0.51	inches	0.02	pounds	0.0054	cubic feet	Standard-Size	0.13	0.0	7.0E-4	2025-01	5.9	weeks	0.78	0.0	0.0	0.0	0.0	0.0	USD	0.0	--	N	N	0.0	--	0.0
B08KG6XHN1	X002TD6AS3	AnnoyingPCB - The Prank Device That Won’t Stop Beeping for 3 Years	SVA2	US	5.75	3.19	0.51	inches	0.02	pounds	0.0054	cubic feet	Standard-Size	1.9	0.0	0.0103	2025-01	5.9	weeks	0.78	0.0	0.0	0.0	0.01	0.0	USD	0.01	--	N	N	0.0	--	0.0
B08KG6XHN1	X002TD6AS3	AnnoyingPCB - The Prank Device That Won’t Stop Beeping for 3 Years	SWA1	US	5.75	3.19	0.51	inches	0.02	pounds	0.0054	cubic feet	Standard-Size	1.42	0.0	0.0077	2025-01	5.9	weeks	0.78	0.0	0.1	5.0E-4	0.01	0.0	USD	0.01	--	N	N	0.0	--	0.0
B08KG6XHN1	X002TD6AS3	AnnoyingPCB - The Prank Device That Won’t Stop Beeping for 3 Years	SWA2	US	5.75	3.19	0.51	inches	0.02	pounds	0.0054	cubic feet	Standard-Size	1.9	0.0	0.0103	2025-01	5.9	weeks	0.78	0.0	0.1	5.0E-4	0.01	0.0	USD	0.01	--	N	N	0.0	--	0.0
B08KG6XHN1	X002TD6AS3	AnnoyingPCB - The Prank Device That Won’t Stop Beeping for 3 Years	SWF2	US	5.75	3.19	0.51	inches	0.02	pounds	0.0054	cubic feet	Standard-Size	0.35	0.0	0.0019	2025-01	5.9	weeks	0.78	0.0	0.0	0.0	0.0	0.0	USD	0.0	--	N	N	0.0	--	0.0
B08KG6XHN1	X002TD6AS3	AnnoyingPCB - The Prank Device That Won’t Stop Beeping for 3 Years	SWI1	US	5.75	3.19	0.51	inches	0.02	pounds	0.0054	cubic feet	Standard-Size	2.94	0.0	0.0159	2025-01	5.9	weeks	0.78	0.0	0.19	0.001	0.01	0.0	USD	0.01	--	N	N	0.0	--	0.0
B08KG6XHN1	X002TD6AS3	AnnoyingPCB - The Prank Device That Won’t Stop Beeping for 3 Years	SYR1	US	5.75	3.19	0.51	inches	0.02	pounds	0.0054	cubic feet	Standard-Size	57.42	0.0	0.3084	2025-01	5.9	weeks	0.78	0.0	0.29	0.0016	0.24	0.0	USD	0.24	--	N	N	0.0	--	0.45
B08KG6XHN1	X002TD6AS3	AnnoyingPCB - The Prank Device That Won’t Stop Beeping for 3 Years	SYS3	US	5.75	3.19	0.51	inches	0.02	pounds	0.0054	cubic feet	Standard-Size	4.0	0.0	0.0217	2025-01	5.9	weeks	0.78	0.0	0.0	0.0	0.02	0.0	USD	0.02	--	N	N	0.0	--	0.0
B08KG6XHN1	X002TD6AS3	AnnoyingPCB - The Prank Device That Won’t Stop Beeping for 3 Years	TLH2	US	5.75	3.19	0.51	inches	0.02	pounds	0.0054	cubic feet	Standard-Size	22.0	0.0	0.1179	2025-01	5.9	weeks	0.78	0.0	0.23	0.0012	0.09	0.0	USD	0.09	--	N	N	0.0	--	0.23
B08KG6XHN1	X002TD6AS3	AnnoyingPCB - The Prank Device That Won’t Stop Beeping for 3 Years	TPA1	US	5.75	3.19	0.51	inches	0.02	pounds	0.0054	cubic feet	Standard-Size	6.68	0.0	0.0332	2025-01	5.9	weeks	0.78	0.0	1.0	0.0054	0.03	0.0	USD	0.03	--	N	N	0.0	--	0.55
B08KG6XHN1	X002TD6AS3	AnnoyingPCB - The Prank Device That Won’t Stop Beeping for 3 Years	TPA4	US	5.75	3.19	0.51	inches	0.02	pounds	0.0054	cubic feet	Standard-Size	9.39	0.0	0.0503	2025-01	5.9	weeks	0.78	0.0	0.39	0.0021	0.04	0.0	USD	0.04	--	N	N	0.0	--	0.1
B08KG6XHN1	X002TD6AS3	AnnoyingPCB - The Prank Device That Won’t Stop Beeping for 3 Years	TUL2	US	5.75	3.19	0.51	inches	0.02	pounds	0.0054	cubic feet	Standard-Size	100.03	0.0	0.5363	2025-01	5.9	weeks	0.78	0.0	0.74	0.004	0.42	0.0	USD	0.42	--	N	N	0.0	--	0.97
B08KG6XHN1	X002TD6AS3	AnnoyingPCB - The Prank Device That Won’t Stop Beeping for 3 Years	TUS2	US	5.75	3.19	0.51	inches	0.02	pounds	0.0054	cubic feet	Standard-Size	4.1	0.0	0.0215	2025-01	5.9	weeks	0.78	0.0	0.13	7.0E-4	0.02	0.0	USD	0.02	--	N	N	0.0	--	0.13
B08KG6XHN1	X002TD6AS3	AnnoyingPCB - The Prank Device That Won’t Stop Beeping for 3 Years	TYS1	US	5.75	3.19	0.51	inches	0.02	pounds	0.0054	cubic feet	Standard-Size	11.94	0.0	0.0637	2025-01	5.9	weeks	0.78	0.0	0.55	0.003	0.05	0.0	USD	0.05	--	N	N	0.0	--	0.16
B08KG6XHN1	X002TD6AS3	AnnoyingPCB - The Prank Device That Won’t Stop Beeping for 3 Years	VGT1	US	5.75	3.19	0.51	inches	0.02	pounds	0.0054	cubic feet	Standard-Size	39.1	0.0	0.1973	2025-01	5.9	weeks	0.78	0.0	0.9	0.0049	0.15	0.0	USD	0.15	--	N	N	0.0	--	2.65
B08KG6XHN1	X002TD6AS3	AnnoyingPCB - The Prank Device That Won’t Stop Beeping for 3 Years	XMD3	US	5.75	3.19	0.51	inches	0.02	pounds	0.0054	cubic feet	Standard-Size	442.23	0.0	2.394	2025-01	5.9	weeks	0.78	0.0	0.0	0.0	1.87	0.0	USD	1.87	--	N	N	0.0	--	0.0
B08KG6XHN1	X002TD6AS3	AnnoyingPCB - The Prank Device That Won’t Stop Beeping for 3 Years	XPH8	US	5.75	3.19	0.51	inches	0.02	pounds	0.0054	cubic feet	Standard-Size	232.0	0.0	1.256	2025-01	5.9	weeks	0.78	0.0	0.0	0.0	0.98	0.0	USD	0.98	--	N	N	0.0	--	0.0
B08KG6XHN1	X002TD6AS3	AnnoyingPCB - The Prank Device That Won’t Stop Beeping for 3 Years	XSL2	US	5.75	3.19	0.51	inches	0.02	pounds	0.0054	cubic feet	Standard-Size	198.0	0.0	1.0719	2025-01	5.9	weeks	0.78	0.0	0.0	0.0	0.84	0.0	USD	0.84	--	N	N	0.0	--	0.0
B08KG6XHN1	X002TD6AS3	AnnoyingPCB - The Prank Device That Won’t Stop Beeping for 3 Years	YYZ7	CA	14.61	8.1	1.3	centimeters	0.01	kilograms	2.0E-4	cubic meters	Standard-Size	1.0	0.0	2.0E-4	2025-01	>52	weeks	36.0	0.0	1.0	2.0E-4	0.01	0.0	CAD	0.01	--	N	N	0.0	--	0.0